lesson_id,memory_id,type,prompt,expected_answer,schedule_days,skill_tag,failure_action,success_action
FA-G3-MATH-U1-L1,FA-G3-MATH-U1-L1-MV01,concept,What does multiplication describe?,Equal groups.,"1,3,7,14,30",MATH.G3.OA.EQUAL_GROUPS,"Show explanation, assign related reteach item, and schedule next review for tomorrow.","If correct with confidence twice, increase interval; if slow/low confidence, keep interval short."
FA-G3-MATH-U1-L1,FA-G3-MATH-U1-L1-MV02,vocab,What is a product?,The answer to a multiplication problem.,"1,3,7,14,30",MATH.G3.OA.REPEATED_ADDITION,"Show explanation, assign related reteach item, and schedule next review for tomorrow.","If correct with confidence twice, increase interval; if slow/low confidence, keep interval short."
FA-G3-MATH-U1-L1,FA-G3-MATH-U1-L1-MV03,explain,Explain 3 × 4 without using the word “times.”,3 groups of 4.,"1,3,7,14,30",MATH.G3.MODEL_WITH_ARRAYS,"Show explanation, assign related reteach item, and schedule next review for tomorrow.","If correct with confidence twice, increase interval; if slow/low confidence, keep interval short."
FA-G3-MATH-U1-L1,FA-G3-MATH-U1-L1-MV04,mistake,Why is 6 × 2 not the same as 6 + 2?,"6 × 2 means 6 groups of 2, not joining 6 and 2 once.","1,3,7,14,30",MATH.G3.PROBLEM_SOLVING.REASONING,"Show explanation, assign related reteach item, and schedule next review for tomorrow.","If correct with confidence twice, increase interval; if slow/low confidence, keep interval short."
FA-G3-MATH-U1-L1,FA-G3-MATH-U1-L1-MV05,apply,Write a real-life example for 5 × 3.,Example: 5 plates with 3 cookies each.,"1,3,7,14,30",MATH.G3.PROBLEM_SOLVING.REASONING,"Show explanation, assign related reteach item, and schedule next review for tomorrow.","If correct with confidence twice, increase interval; if slow/low confidence, keep interval short."
FA-G3-MATH-U1-L1,FA-G3-MATH-U1-L1-MV06,model,Describe an array for 4 × 2.,"4 rows of 2, or another equal-row/column model totaling 8.","1,3,7,14,30",MATH.G3.PROBLEM_SOLVING.REASONING,"Show explanation, assign related reteach item, and schedule next review for tomorrow.","If correct with confidence twice, increase interval; if slow/low confidence, keep interval short."
FA-G3-ELA-U2-L1,FA-G3-ELA-U2-L1-MV01,concept,What is a main idea?,The most important point the text teaches about the topic.,"1,3,7,14,30",ELA.G3.RI.MAIN_IDEA,"Show explanation, assign related reteach item, and schedule next review for tomorrow.","If correct with confidence twice, increase interval; if slow/low confidence, keep interval short."
FA-G3-ELA-U2-L1,FA-G3-ELA-U2-L1-MV02,vocab,What is a key detail?,An important fact that supports the main idea.,"1,3,7,14,30",ELA.G3.RI.KEY_DETAILS,"Show explanation, assign related reteach item, and schedule next review for tomorrow.","If correct with confidence twice, increase interval; if slow/low confidence, keep interval short."
FA-G3-ELA-U2-L1,FA-G3-ELA-U2-L1-MV03,contrast,How is topic different from main idea?,Topic is the subject; main idea is the important point about it.,"1,3,7,14,30",ELA.G3.EVIDENCE.TEXT_SUPPORT,"Show explanation, assign related reteach item, and schedule next review for tomorrow.","If correct with confidence twice, increase interval; if slow/low confidence, keep interval short."
FA-G3-ELA-U2-L1,FA-G3-ELA-U2-L1-MV04,mistake,Why is “dogs” not a strong main idea by itself?,"It is only a topic, not a complete point.","1,3,7,14,30",ELA.G3.SUMMARY.BASIC,"Show explanation, assign related reteach item, and schedule next review for tomorrow.","If correct with confidence twice, increase interval; if slow/low confidence, keep interval short."
FA-G3-ELA-U2-L1,FA-G3-ELA-U2-L1-MV05,apply,"Given details about water, sunlight, and soil, write a main idea.","Plants need water, sunlight, and soil to grow.","1,3,7,14,30",ELA.G3.SUMMARY.BASIC,"Show explanation, assign related reteach item, and schedule next review for tomorrow.","If correct with confidence twice, increase interval; if slow/low confidence, keep interval short."
FA-G3-ELA-U2-L1,FA-G3-ELA-U2-L1-MV06,evidence,What should support a main idea?,Key details or evidence from the text.,"1,3,7,14,30",ELA.G3.SUMMARY.BASIC,"Show explanation, assign related reteach item, and schedule next review for tomorrow.","If correct with confidence twice, increase interval; if slow/low confidence, keep interval short."
FA-G3-SCI-U1-L1,FA-G3-SCI-U1-L1-MV01,concept,What is a life cycle?,Stages of growth and reproduction.,"1,3,7,14,30",SCI.G3.LIFE_CYCLES.PLANTS,"Show explanation, assign related reteach item, and schedule next review for tomorrow.","If correct with confidence twice, increase interval; if slow/low confidence, keep interval short."
FA-G3-SCI-U1-L1,FA-G3-SCI-U1-L1-MV02,vocab,What is germination?,When a seed begins to grow.,"1,3,7,14,30",SCI.G3.PATTERNS.CYCLES,"Show explanation, assign related reteach item, and schedule next review for tomorrow.","If correct with confidence twice, increase interval; if slow/low confidence, keep interval short."
FA-G3-SCI-U1-L1,FA-G3-SCI-U1-L1-MV03,sequence,What comes after seedling?,A mature plant.,"1,3,7,14,30",SCI.G3.OBSERVATION.SEQUENCE,"Show explanation, assign related reteach item, and schedule next review for tomorrow.","If correct with confidence twice, increase interval; if slow/low confidence, keep interval short."
FA-G3-SCI-U1-L1,FA-G3-SCI-U1-L1-MV04,systems,Why is the plant life cycle a cycle?,New seeds can begin again.,"1,3,7,14,30",SCI.G3.EVIDENCE.EXPLANATION,"Show explanation, assign related reteach item, and schedule next review for tomorrow.","If correct with confidence twice, increase interval; if slow/low confidence, keep interval short."
FA-G3-SCI-U1-L1,FA-G3-SCI-U1-L1-MV05,evidence,What evidence shows a plant can reproduce?,It makes flowers/seeds/fruit.,"1,3,7,14,30",SCI.G3.EVIDENCE.EXPLANATION,"Show explanation, assign related reteach item, and schedule next review for tomorrow.","If correct with confidence twice, increase interval; if slow/low confidence, keep interval short."
FA-G3-SCI-U1-L1,FA-G3-SCI-U1-L1-MV06,apply,Name the stage: a young plant with small leaves.,Seedling.,"1,3,7,14,30",SCI.G3.EVIDENCE.EXPLANATION,"Show explanation, assign related reteach item, and schedule next review for tomorrow.","If correct with confidence twice, increase interval; if slow/low confidence, keep interval short."
FA-G3-SS-U1-L1,FA-G3-SS-U1-L1-MV01,concept,What is a community?,"People who live, work, or learn together.","1,3,7,14,30",SS.G3.CIVICS.COMMUNITY_ROLES,"Show explanation, assign related reteach item, and schedule next review for tomorrow.","If correct with confidence twice, increase interval; if slow/low confidence, keep interval short."
FA-G3-SS-U1-L1,FA-G3-SS-U1-L1-MV02,vocab,What is a role?,A job or responsibility someone has.,"1,3,7,14,30",SS.G3.ECON.NEEDS_SERVICES,"Show explanation, assign related reteach item, and schedule next review for tomorrow.","If correct with confidence twice, increase interval; if slow/low confidence, keep interval short."
FA-G3-SS-U1-L1,FA-G3-SS-U1-L1-MV03,contrast,Place or role: library?,Place.,"1,3,7,14,30",SS.G3.GEOGRAPHY.LOCAL_COMMUNITY,"Show explanation, assign related reteach item, and schedule next review for tomorrow.","If correct with confidence twice, increase interval; if slow/low confidence, keep interval short."
FA-G3-SS-U1-L1,FA-G3-SS-U1-L1-MV04,apply,Name a role that helps with health.,"Doctor, nurse, dentist, paramedic, etc.","1,3,7,14,30",SS.G3.EVIDENCE.EXAMPLES,"Show explanation, assign related reteach item, and schedule next review for tomorrow.","If correct with confidence twice, increase interval; if slow/low confidence, keep interval short."
FA-G3-SS-U1-L1,FA-G3-SS-U1-L1-MV05,evidence,How can you prove a role helps a community?,Give an example of the need it meets.,"1,3,7,14,30",SS.G3.EVIDENCE.EXAMPLES,"Show explanation, assign related reteach item, and schedule next review for tomorrow.","If correct with confidence twice, increase interval; if slow/low confidence, keep interval short."
FA-G3-SS-U1-L1,FA-G3-SS-U1-L1-MV06,systems,Why do communities need cooperation?,Different people help meet different needs.,"1,3,7,14,30",SS.G3.EVIDENCE.EXAMPLES,"Show explanation, assign related reteach item, and schedule next review for tomorrow.","If correct with confidence twice, increase interval; if slow/low confidence, keep interval short."
BA-G6-MATH-U1-L1,BA-G6-MATH-U1-L1-MV01,concept,What does a ratio compare?,Two quantities.,"1,3,7,14,30",MATH.G6.RP.RATIO_CONCEPT,"Show explanation, assign related reteach item, and schedule next review for tomorrow.","If correct with confidence twice, increase interval; if slow/low confidence, keep interval short."
BA-G6-MATH-U1-L1,BA-G6-MATH-U1-L1-MV02,process,How do you make an equivalent ratio?,Multiply or divide both parts by the same factor.,"1,3,7,14,30",MATH.G6.RP.RATIO_LANGUAGE,"Show explanation, assign related reteach item, and schedule next review for tomorrow.","If correct with confidence twice, increase interval; if slow/low confidence, keep interval short."
BA-G6-MATH-U1-L1,BA-G6-MATH-U1-L1-MV03,mistake,Why is adding 2 to both parts not ratio scaling?,"Equivalent ratios are multiplicative, not additive.","1,3,7,14,30",MATH.G6.REASONING.REPRESENTATIONS,"Show explanation, assign related reteach item, and schedule next review for tomorrow.","If correct with confidence twice, increase interval; if slow/low confidence, keep interval short."
BA-G6-MATH-U1-L1,BA-G6-MATH-U1-L1-MV04,apply,Scale 3:4 by 5.,15:20.,"1,3,7,14,30",MATH.G6.PROBLEM_SOLVING.CONTEXT,"Show explanation, assign related reteach item, and schedule next review for tomorrow.","If correct with confidence twice, increase interval; if slow/low confidence, keep interval short."
BA-G6-MATH-U1-L1,BA-G6-MATH-U1-L1-MV05,contrast,What is part-to-whole?,Comparing one part to the total.,"1,3,7,14,30",MATH.G6.PROBLEM_SOLVING.CONTEXT,"Show explanation, assign related reteach item, and schedule next review for tomorrow.","If correct with confidence twice, increase interval; if slow/low confidence, keep interval short."
BA-G6-MATH-U1-L1,BA-G6-MATH-U1-L1-MV06,evidence,How can you prove 6:9 = 2:3?,Divide both parts by 3 or multiply 2:3 by 3.,"1,3,7,14,30",MATH.G6.PROBLEM_SOLVING.CONTEXT,"Show explanation, assign related reteach item, and schedule next review for tomorrow.","If correct with confidence twice, increase interval; if slow/low confidence, keep interval short."
BA-G6-ELA-U2-L1,BA-G6-ELA-U2-L1-MV01,concept,What is theme?,A message or lesson about life in a story.,"1,3,7,14,30",ELA.G6.RL.THEME,"Show explanation, assign related reteach item, and schedule next review for tomorrow.","If correct with confidence twice, increase interval; if slow/low confidence, keep interval short."
BA-G6-ELA-U2-L1,BA-G6-ELA-U2-L1-MV02,contrast,"Why is “courage” a topic, not a theme?",It is only a subject; a theme makes a statement about it.,"1,3,7,14,30",ELA.G6.RL.TEXT_EVIDENCE,"Show explanation, assign related reteach item, and schedule next review for tomorrow.","If correct with confidence twice, increase interval; if slow/low confidence, keep interval short."
BA-G6-ELA-U2-L1,BA-G6-ELA-U2-L1-MV03,process,What evidence helps infer theme?,"Character choices, conflict, consequences, repeated ideas.","1,3,7,14,30",ELA.G6.REASONING.EXPLAIN,"Show explanation, assign related reteach item, and schedule next review for tomorrow.","If correct with confidence twice, increase interval; if slow/low confidence, keep interval short."
BA-G6-ELA-U2-L1,BA-G6-ELA-U2-L1-MV04,CER,What does reasoning do?,Connects evidence to the claim.,"1,3,7,14,30",ELA.G6.DISCUSSION.ACADEMIC,"Show explanation, assign related reteach item, and schedule next review for tomorrow.","If correct with confidence twice, increase interval; if slow/low confidence, keep interval short."
BA-G6-ELA-U2-L1,BA-G6-ELA-U2-L1-MV05,apply,Turn “friendship” into a theme.,Example: True friendship requires loyalty and honesty.,"1,3,7,14,30",ELA.G6.DISCUSSION.ACADEMIC,"Show explanation, assign related reteach item, and schedule next review for tomorrow.","If correct with confidence twice, increase interval; if slow/low confidence, keep interval short."
BA-G6-ELA-U2-L1,BA-G6-ELA-U2-L1-MV06,mistake,Why is a plot event not enough to be a theme?,"A theme is a broader message, not only what happened.","1,3,7,14,30",ELA.G6.DISCUSSION.ACADEMIC,"Show explanation, assign related reteach item, and schedule next review for tomorrow.","If correct with confidence twice, increase interval; if slow/low confidence, keep interval short."
BA-G6-SCI-U2-L1,BA-G6-SCI-U2-L1-MV01,vocab,What is evaporation?,Liquid water becoming water vapor.,"1,3,7,14,30",SCI.G6.EARTH_SYSTEMS.WATER_CYCLE,"Show explanation, assign related reteach item, and schedule next review for tomorrow.","If correct with confidence twice, increase interval; if slow/low confidence, keep interval short."
BA-G6-SCI-U2-L1,BA-G6-SCI-U2-L1-MV02,vocab,What is condensation?,Water vapor cooling into droplets.,"1,3,7,14,30",SCI.G6.SYSTEMS.MODELS,"Show explanation, assign related reteach item, and schedule next review for tomorrow.","If correct with confidence twice, increase interval; if slow/low confidence, keep interval short."
BA-G6-SCI-U2-L1,BA-G6-SCI-U2-L1-MV03,concept,What powers evaporation?,Energy from the Sun.,"1,3,7,14,30",SCI.G6.ENERGY.SUN,"Show explanation, assign related reteach item, and schedule next review for tomorrow.","If correct with confidence twice, increase interval; if slow/low confidence, keep interval short."
BA-G6-SCI-U2-L1,BA-G6-SCI-U2-L1-MV04,systems,Why is the water cycle a system?,Connected reservoirs and processes move water.,"1,3,7,14,30",SCI.G6.EVIDENCE.EXPLANATION,"Show explanation, assign related reteach item, and schedule next review for tomorrow.","If correct with confidence twice, increase interval; if slow/low confidence, keep interval short."
BA-G6-SCI-U2-L1,BA-G6-SCI-U2-L1-MV05,mistake,Does water disappear when it evaporates?,"No, it becomes water vapor.","1,3,7,14,30",SCI.G6.EVIDENCE.EXPLANATION,"Show explanation, assign related reteach item, and schedule next review for tomorrow.","If correct with confidence twice, increase interval; if slow/low confidence, keep interval short."
BA-G6-SCI-U2-L1,BA-G6-SCI-U2-L1-MV06,apply,Name a reservoir besides ocean or cloud.,"Groundwater, ice, plants, soil, lake, river, etc.","1,3,7,14,30",SCI.G6.EVIDENCE.EXPLANATION,"Show explanation, assign related reteach item, and schedule next review for tomorrow.","If correct with confidence twice, increase interval; if slow/low confidence, keep interval short."
BA-G6-SS-U2-L1,BA-G6-SS-U2-L1-MV01,concept,Why did civilizations often grow near rivers?,"Water, fertile soil, farming, transportation, and trade.","1,3,7,14,30",SS.G6.GEOGRAPHY.HUMAN_ENVIRONMENT_INTERACTION,"Show explanation, assign related reteach item, and schedule next review for tomorrow.","If correct with confidence twice, increase interval; if slow/low confidence, keep interval short."
BA-G6-SS-U2-L1,BA-G6-SS-U2-L1-MV02,vocab,What is surplus?,Extra food or goods.,"1,3,7,14,30",SS.G6.HISTORY.EARLY_CIVILIZATIONS,"Show explanation, assign related reteach item, and schedule next review for tomorrow.","If correct with confidence twice, increase interval; if slow/low confidence, keep interval short."
BA-G6-SS-U2-L1,BA-G6-SS-U2-L1-MV03,process,How can surplus lead to specialization?,"Not everyone has to farm, so people can do other jobs.","1,3,7,14,30",SS.G6.EVIDENCE.MAPS,"Show explanation, assign related reteach item, and schedule next review for tomorrow.","If correct with confidence twice, increase interval; if slow/low confidence, keep interval short."
BA-G6-SS-U2-L1,BA-G6-SS-U2-L1-MV04,evidence,What kind of source helps prove settlement patterns?,Maps and geographic evidence.,"1,3,7,14,30",SS.G6.CAUSE_EFFECT,"Show explanation, assign related reteach item, and schedule next review for tomorrow.","If correct with confidence twice, increase interval; if slow/low confidence, keep interval short."
BA-G6-SS-U2-L1,BA-G6-SS-U2-L1-MV05,mistake,Why is geography not the only cause of civilization?,Human choices and technology matter too.,"1,3,7,14,30",SS.G6.CAUSE_EFFECT,"Show explanation, assign related reteach item, and schedule next review for tomorrow.","If correct with confidence twice, increase interval; if slow/low confidence, keep interval short."
BA-G6-SS-U2-L1,BA-G6-SS-U2-L1-MV06,apply,Name one challenge of living near a river.,"Flooding, conflict, disease, etc.","1,3,7,14,30",SS.G6.CAUSE_EFFECT,"Show explanation, assign related reteach item, and schedule next review for tomorrow.","If correct with confidence twice, increase interval; if slow/low confidence, keep interval short."
SA-G9-ALG-U1-L1,SA-G9-ALG-U1-L1-MV01,vocab,What is a variable?,A symbol representing a quantity.,"1,3,7,14,30",MATH.A1.EXPRESSIONS.INTERPRET,"Show explanation, assign related reteach item, and schedule next review for tomorrow.","If correct with confidence twice, increase interval; if slow/low confidence, keep interval short."
SA-G9-ALG-U1-L1,SA-G9-ALG-U1-L1-MV02,vocab,What is a coefficient?,A number multiplied by a variable.,"1,3,7,14,30",MATH.A1.EXPRESSIONS.WRITE,"Show explanation, assign related reteach item, and schedule next review for tomorrow.","If correct with confidence twice, increase interval; if slow/low confidence, keep interval short."
SA-G9-ALG-U1-L1,SA-G9-ALG-U1-L1-MV03,concept,Does an expression have an equals sign?,No.,"1,3,7,14,30",MATH.A1.STRUCTURE.REASONING,"Show explanation, assign related reteach item, and schedule next review for tomorrow.","If correct with confidence twice, increase interval; if slow/low confidence, keep interval short."
SA-G9-ALG-U1-L1,SA-G9-ALG-U1-L1-MV04,evaluate,Evaluate 2x + 3 when x = 4.,11.,"1,3,7,14,30",MATH.A1.EVALUATE.SUBSTITUTE,"Show explanation, assign related reteach item, and schedule next review for tomorrow.","If correct with confidence twice, increase interval; if slow/low confidence, keep interval short."
SA-G9-ALG-U1-L1,SA-G9-ALG-U1-L1-MV05,mistake,What does 5y mean?,"5 multiplied by y, not 5 + y.","1,3,7,14,30",MATH.A1.EVALUATE.SUBSTITUTE,"Show explanation, assign related reteach item, and schedule next review for tomorrow.","If correct with confidence twice, increase interval; if slow/low confidence, keep interval short."
SA-G9-ALG-U1-L1,SA-G9-ALG-U1-L1-MV06,apply,Write an expression for 4 less than n.,n - 4.,"1,3,7,14,30",MATH.A1.EVALUATE.SUBSTITUTE,"Show explanation, assign related reteach item, and schedule next review for tomorrow.","If correct with confidence twice, increase interval; if slow/low confidence, keep interval short."
SA-G9-ENG-U3-L1,SA-G9-ENG-U3-L1-MV01,concept,What does CER stand for?,"Claim, Evidence, Reasoning.","1,3,7,14,30",ELA.G9.ARGUMENT.CLAIM,"Show explanation, assign related reteach item, and schedule next review for tomorrow.","If correct with confidence twice, increase interval; if slow/low confidence, keep interval short."
SA-G9-ENG-U3-L1,SA-G9-ENG-U3-L1-MV02,vocab,What is reasoning?,Explanation connecting evidence to the claim.,"1,3,7,14,30",ELA.G9.TEXT_EVIDENCE.RELEVANCE,"Show explanation, assign related reteach item, and schedule next review for tomorrow.","If correct with confidence twice, increase interval; if slow/low confidence, keep interval short."
SA-G9-ENG-U3-L1,SA-G9-ENG-U3-L1-MV03,mistake,What is quote dropping?,Using a quote without explaining it.,"1,3,7,14,30",ELA.G9.REASONING.ANALYSIS,"Show explanation, assign related reteach item, and schedule next review for tomorrow.","If correct with confidence twice, increase interval; if slow/low confidence, keep interval short."
SA-G9-ENG-U3-L1,SA-G9-ENG-U3-L1-MV04,process,What question helps find missing reasoning?,So what? / How does this prove the claim?,"1,3,7,14,30",ELA.G9.WRITING.EXPLANATION,"Show explanation, assign related reteach item, and schedule next review for tomorrow.","If correct with confidence twice, increase interval; if slow/low confidence, keep interval short."
SA-G9-ENG-U3-L1,SA-G9-ENG-U3-L1-MV05,apply,Write a claim about a brave character.,Example: The character shows bravery by acting despite fear.,"1,3,7,14,30",ELA.G9.WRITING.EXPLANATION,"Show explanation, assign related reteach item, and schedule next review for tomorrow.","If correct with confidence twice, increase interval; if slow/low confidence, keep interval short."
SA-G9-ENG-U3-L1,SA-G9-ENG-U3-L1-MV06,contrast,Evidence or reasoning: “This shows...”,Reasoning.,"1,3,7,14,30",ELA.G9.WRITING.EXPLANATION,"Show explanation, assign related reteach item, and schedule next review for tomorrow.","If correct with confidence twice, increase interval; if slow/low confidence, keep interval short."
SA-G9-BIO-U2-L1,SA-G9-BIO-U2-L1-MV01,concept,Why is a cell a system?,It has interacting parts that work together.,"1,3,7,14,30",SCI.BIO.CELLS.ORGANELLES,"Show explanation, assign related reteach item, and schedule next review for tomorrow.","If correct with confidence twice, increase interval; if slow/low confidence, keep interval short."
SA-G9-BIO-U2-L1,SA-G9-BIO-U2-L1-MV02,vocab,What is an organelle?,A specialized structure inside a cell.,"1,3,7,14,30",SCI.BIO.SYSTEMS.STRUCTURE_FUNCTION,"Show explanation, assign related reteach item, and schedule next review for tomorrow.","If correct with confidence twice, increase interval; if slow/low confidence, keep interval short."
SA-G9-BIO-U2-L1,SA-G9-BIO-U2-L1-MV03,function,What does the membrane do?,Controls what enters and leaves.,"1,3,7,14,30",SCI.BIO.MODELS.EVIDENCE,"Show explanation, assign related reteach item, and schedule next review for tomorrow.","If correct with confidence twice, increase interval; if slow/low confidence, keep interval short."
SA-G9-BIO-U2-L1,SA-G9-BIO-U2-L1-MV04,function,What do ribosomes make?,Proteins.,"1,3,7,14,30",SCI.BIO.HOMEOSTASIS.INTRO,"Show explanation, assign related reteach item, and schedule next review for tomorrow.","If correct with confidence twice, increase interval; if slow/low confidence, keep interval short."
SA-G9-BIO-U2-L1,SA-G9-BIO-U2-L1-MV05,mistake,Why is memorizing organelles alone not enough?,You must understand interactions and functions.,"1,3,7,14,30",SCI.BIO.HOMEOSTASIS.INTRO,"Show explanation, assign related reteach item, and schedule next review for tomorrow.","If correct with confidence twice, increase interval; if slow/low confidence, keep interval short."
SA-G9-BIO-U2-L1,SA-G9-BIO-U2-L1-MV06,apply,What might happen if mitochondria cannot release energy?,Cell processes may not have enough usable energy.,"1,3,7,14,30",SCI.BIO.HOMEOSTASIS.INTRO,"Show explanation, assign related reteach item, and schedule next review for tomorrow.","If correct with confidence twice, increase interval; if slow/low confidence, keep interval short."
SA-G9-WH-U2-L1,SA-G9-WH-U2-L1-MV01,concept,Why did river valleys support early civilizations?,"Water, fertile soil, farming, transportation, and surplus.","1,3,7,14,30",SS.WH.EARLY_CIVILIZATIONS.RIVER_VALLEYS,"Show explanation, assign related reteach item, and schedule next review for tomorrow.","If correct with confidence twice, increase interval; if slow/low confidence, keep interval short."
SA-G9-WH-U2-L1,SA-G9-WH-U2-L1-MV02,vocab,What is surplus?,Extra food beyond immediate need.,"1,3,7,14,30",SS.WH.GEOGRAPHY.HUMAN_ENVIRONMENT,"Show explanation, assign related reteach item, and schedule next review for tomorrow.","If correct with confidence twice, increase interval; if slow/low confidence, keep interval short."
SA-G9-WH-U2-L1,SA-G9-WH-U2-L1-MV03,concept,What is specialization?,Different people doing different jobs.,"1,3,7,14,30",SS.WH.EVIDENCE.SOURCES,"Show explanation, assign related reteach item, and schedule next review for tomorrow.","If correct with confidence twice, increase interval; if slow/low confidence, keep interval short."
SA-G9-WH-U2-L1,SA-G9-WH-U2-L1-MV04,mistake,Why is one-cause history weak?,Historical causes interact and require evidence.,"1,3,7,14,30",SS.WH.CAUSATION.COMPLEXITY,"Show explanation, assign related reteach item, and schedule next review for tomorrow.","If correct with confidence twice, increase interval; if slow/low confidence, keep interval short."
SA-G9-WH-U2-L1,SA-G9-WH-U2-L1-MV05,evidence,What evidence supports settlement patterns?,"Maps, archaeology, sources.","1,3,7,14,30",SS.WH.CAUSATION.COMPLEXITY,"Show explanation, assign related reteach item, and schedule next review for tomorrow.","If correct with confidence twice, increase interval; if slow/low confidence, keep interval short."
SA-G9-WH-U2-L1,SA-G9-WH-U2-L1-MV06,apply,Connect surplus to government.,"Surplus supports larger populations and organization, which can require rules/leaders.","1,3,7,14,30",SS.WH.CAUSATION.COMPLEXITY,"Show explanation, assign related reteach item, and schedule next review for tomorrow.","If correct with confidence twice, increase interval; if slow/low confidence, keep interval short."
